Product,Status,Release Date,Cores,Max. Turbo Freq.(GHz),Base Freq.(GHz),Cache(MB),Cache Info,Integrated Graphics
Xeon Platinum 8380HL,Launched,Q2'20,28,4.30,2.90,38.5,N/A,N/A
Xeon Platinum 8380H,Launched,Q2'20,28,4.30,2.90,38.5,N/A,N/A
Xeon Platinum 8376HL,Launched,Q2'20,28,4.30,2.60,38.5,N/A,N/A
Xeon Platinum 8376H,Launched,Q2'20,28,4.30,2.60,38.5,N/A,N/A
Xeon Platinum 8360HL,Launched,Q3'20,24,4.20,3.00,33,N/A,N/A
Xeon Platinum 8360H,Launched,Q3'20,24,4.20,3.00,33,N/A,N/A
Xeon Platinum 8356H,Launched,Q3'20,8,4.40,3.90,35.75,N/A,N/A
Xeon Platinum 8354H,Launched,Q2'20,18,4.30,3.10,24.75,N/A,N/A
Xeon Platinum 8353H,Launched,Q2'20,18,3.80,2.50,24.75,N/A,N/A
Xeon Gold 6348H,Launched,Q2'20,24,4.20,2.30,33,N/A,N/A
Xeon Gold 6330H,Launched,Q3'20,24,3.70,2.00,33,N/A,N/A
Xeon Gold 6328HL,Launched,Q2'20,16,4.30,2.80,22,N/A,N/A
Xeon Gold 6328H,Launched,Q2'20,16,4.30,2.80,22,N/A,N/A
Xeon Gold 5320H,Launched,Q2'20,20,4.20,2.40,27.5,N/A,N/A
Xeon Gold 5318H,Launched,Q2'20,18,3.80,2.50,24.75,N/A,N/A
Xeon Platinum 9282,Launched,Q2'19,56,3.80,2.60,77,Intel Smart Cache,N/A
Xeon Platinum 9242,Launched,Q2'19,48,3.80,2.30,71.5,Intel Smart Cache,N/A
Xeon Platinum 9222,Launched,Q3'19,32,3.70,2.30,71.5,N/A,N/A
Xeon Platinum 9221,Launched,Q3'19,32,3.70,2.30,71.5,N/A,N/A
Xeon Platinum 8280L,Launched,Q2'19,28,4.00,2.70,38.5,N/A,N/A
Xeon Platinum 8280,Launched,Q2'19,28,4.00,2.70,38.5,N/A,N/A
Xeon Platinum 8276L,Launched,Q2'19,28,4.00,2.20,38.5,N/A,N/A
Xeon Platinum 8276,Launched,Q2'19,28,4.00,2.20,38.5,N/A,N/A
Xeon Platinum 8270,Launched,Q2'19,26,4.00,2.70,35.75,N/A,N/A
Xeon Platinum 8268,Launched,Q2'19,24,3.90,2.90,35.75,N/A,N/A
Xeon Platinum 8260Y,Launched,Q2'19,24,3.90,2.40,35.75,N/A,N/A
Xeon Platinum 8260L,Launched,Q2'19,24,3.90,2.40,35.75,N/A,N/A
Xeon Plaitnum 8260,Launched,Q2'19,24,3.90,2.40,35.75,N/A,N/A
Xeon Platinum 8256,Launched,Q2'19,4,3.90,3.80,16.5,N/A,N/A
Xeon Platinum 8253,Launched,Q2'19,16,3.00,2.20,22,N/A,N/A
Xeon Gold 6262V,Launched,Q2'19,24,3.60,1.90,33,N/A,N/A
Xeon Gold 6258R,Launched,Q1'20,28,4.00,2.70,38.5,N/A,N/A
Xeon Gold 6256,Launched,Q1'20,12,4.50,3.60,33,N/A,N/A
Xeon Gold 6254,Launched,Q2'19,18,4.00,3.10,24.75,N/A,N/A
Xeon Gold 6252N,Launched,Q2'19,24,3.60,2.30,35.75,N/A,N/A
Xeon Gold 6252,Launched,Q2'19,24,3.70,2.10,35.75,N/A,N/A
Xeon Gold 6250L,Launched,Q1'20,8,4.50,3.90,35.75,N/A,N/A
Xeon Gold 6250,Launched,Q1'20,8,4.50,3.90,35.75,N/A,N/A
Xeon Gold 6248R,Launched,Q1'20,24,4.00,3.00,35.75,N/A,N/A
Xeon Gold 6248,Launched,Q2'19,20,3.90,2.50,27.5,N/A,N/A
Xeon Gold 6246R,Launched,Q1'20,16,4.10,3.40,35.75,N/A,N/A
Xeon Gold 6246,Launched,Q2'19,12,4.20,3.30,24.75,N/A,N/A
Xeon Gold 6244,Launched,Q2'19,8,4.40,3.60,24.75,N/A,N/A
Xeon Gold 6242R,Launched,Q1'20,20,4.10,3.10,35.75,N/A,N/A
Xeon Gold 6242,Launched,Q2'19,16,3.90,2.80,22,N/A,N/A
Xeon Gold 6240Y,Launched,Q2'19,18,3.90,2.60,24.75,N/A,N/A
Xeon Gold 6240R,Launched,Q1'20,24,4.00,2.40,35.75,N/A,N/A
Xeon Gold 6240L,Launched,Q2'19,18,3.90,2.60,24.75,N/A,N/A
Xeon Gold 6240,Launched,Q2'19,18,3.90,2.60,24.75,N/A,N/A
Xeon Gold 6238T,Launched,Q2'19,22,3.70,1.90,30.25,N/A,N/A
Xeon Gold 6238R,Launched,Q1'20,28,4.00,2.20,38.5,N/A,N/A
Xeon Gold 6238L,Launched,Q2'19,22,3.70,2.10,30.25,N/A,N/A
Xeon Gold 6238,Launched,Q2'19,22,3.70,2.10,30.25,N/A,N/A
Xeon Gold 6234,Launched,Q2'19,8,4.00,3.30,24.75,N/A,N/A
Xeon Gold 6230T,Launched,Q2'19,20,3.90,2.10,27.5,N/A,N/A
Xeon Gold 6230N,Launched,Q2'19,20,3.50,2.30,27.5,N/A,N/A
Xeon Gold 6230R,Launched,Q1'20,26,4.00,2.10,35.75,N/A,N/A
Xeon Gold 6230,Launched,Q2'19,20,3.90,2.10,27.5,N/A,N/A
Xeon Gold 6226R,Launched,Q1'20,16,3.90,2.90,22,N/A,N/A
Xeon Gold 6226,Launched,Q2'19,12,3.70,2.70,19.25,N/A,N/A
Xeon Gold 6222V,Launched,Q2'19,20,3.60,1.80,27.5,N/A,N/A
Xeon Gold 6212U,Launched,Q2'19,24,3.90,2.40,35.75,N/A,N/A
Xeon Gold 6210U,Launched,Q2'19,20,3.90,2.50,27.5,N/A,N/A
Xeon Gold 6209U,Launched,Q2'19,20,3.90,2.10,27.5,N/A,N/A
Xeon Gold 6208U,Launched,Q1'20,16,3.90,2.90,22,N/A,N/A
Xeon Gold 5222,Launched,Q2'19,4,3.90,3.80,16.5,N/A,N/A
Xeon Gold 5220T,Launched,Q2'19,18,3.90,1.90,24.75,N/A,N/A
Xeon Gold 5220S,Launched,Q2'19,18,3.90,2.70,24.75,N/A,N/A
Xeon Gold 5220R,Launched,Q1'20,24,4.00,2.20,35.75,N/A,N/A
Xeon Gold 5220,Launched,Q2'19,18,3.90,2.20,24.75,N/A,N/A
Xeon Gold 5218T,Launched,Q2'19,18,3.80,2.10,22,N/A,N/A
Xeon Gold 5218R,Launched,Q1'20,20,4.00,2.10,27.5,N/A,N/A
Xeon Gold 5218N,Launched,Q2'19,16,3.70,2.30,22,N/A,N/A
Xeon Gold 5218B,Launched,Q2'19,16,3.90,2.30,22,N/A,N/A
Xeon Gold 5218,Launched,Q2'19,16,3.90,2.30,22,N/A,N/A
Xeon Gold 5217,Launched,Q2'19,8,3.70,3.00,11,N/A,N/A
Xeon Gold 5215L,Launched,Q2'19,10,3.40,2.50,13.75,N/A,N/A
Xeon Gold 5215,Launched,Q2'19,10,3.40,2.50,13.75,N/A,N/A
Xeon Silver 4216,Launched,Q2'19,16,3.20,2.10,22,N/A,N/A
Xeon Silver 4215R,Launched,Q1'20,8,4.00,3.20,11,N/A,N/A
Xeon Silver 4215,Launched,Q2'19,8,3.50,2.50,11,N/A,N/A
Xeon Silver 4214Y,Launched,Q2'19,12,3.20,2.20,16.5,N/A,N/A
Xeon Silver 4214R,Launched,Q1'20,12,3.50,2.40,16.5,N/A,N/A
Xeon Silver 4214,Launched,Q2'19,12,3.20,2.20,16.5,N/A,N/A
Xeon Silver 4210T,Launched,Q1'20,10,3.20,2.30,13.75,N/A,N/A
Xeon Silver 4210R,Launched,Q1'20,10,3.20,2.40,13.75,N/A,N/A
Xeon Silver 4210,Launched,Q2'19,10,3.20,2.20,13.75,N/A,N/A
Xeon Silver 4209T,Launched,Q2'19,8,3.20,2.20,11,N/A,N/A
Xeon Silver 4208,Launched,Q2'19,8,3.20,2.10,11,N/A,N/A
Xeon Bronze 3206R,Launched,Q1'20,8,1.90,1.90,11,N/A,N/A
Xeon Bronze 3204,Launched,Q2'19,6,1.90,1.90,8.25,N/A,N/A
Xeon Platinum 8180,Launched,Q3'17,28,3.80,2.50,38.5,L3 Cache,N/A
Xeon Platinum 8176F,Launched,Q3'17,28,3.80,2.10,38.5,L3 Cache,N/A
Xeon Platinum 8176,Launched,Q3'17,28,3.80,2.10,38.5,L3 Cache,N/A
Xeon Platinum 8170,Launched,Q3'17,26,3.70,2.10,35.75,L3 Cache,N/A
Xeon Platinum 8168,Launched,Q3'17,24,3.70,2.70,33,L3 Cache,N/A
Xeon Platinum 8164,Launched,Q3'17,26,3.70,2.00,35.75,L3 Cache,N/A
Xeon Platinum 8160T,Launched,Q3'17,24,3.70,2.10,33,L3 Cache,N/A
Xeon Platinum 8160F,Launched,Q3'17,24,3.70,2.10,33,L3 Cache,N/A
Xeon Platinum 8160,Launched,Q3'17,24,3.70,2.10,33,L3 Cache,N/A
Xeon Platinum 8158,Launched,Q3'17,12,3.70,3.00,24.75,L3 Cache,N/A
Xeon Platinum 8156,Launched,Q3'17,4,3.70,3.60,16.5,L3 Cache,N/A
Xeon Platinum 8153,Launched,Q3'17,16,2.80,2.00,22,L3 Cache,N/A
Xeon Gold 6154,Launched,Q3'17,18,3.70,3.00,24.75,L3 Cache,N/A
Xeon Gold 6152,Launched,Q3'17,22,3.70,2.10,30.25,L3 Cache,N/A
Xeon Gold 6150,Launched,Q3'17,18,3.70,2.70,24.75,L3 Cache,N/A
Xeon Gold 6148F,Launched,Q3'17,20,3.70,2.40,27.5,L3 Cache,N/A
Xeon Gold 6148,Launched,Q3'17,20,3.70,2.40,27.5,L3 Cache,N/A
Xeon Gold 6146,Launched,Q3'17,12,4.20,3.20,24.75,L3 Cache,N/A
Xeon Gold 6144,Launched,Q3'17,8,4.20,3.50,24.75,L3 Cache,N/A
Xeon Gold 6142F,Launched,Q3'17,16,3.70,2.60,22,L3 Cache,N/A
Xeon Gold 6142,Launched,Q3'17,16,3.70,2.60,22,L3 Cache,N/A
Xeon Gold 6140,Launched,Q3'17,18,3.70,2.30,24.75,L3 Cache,N/A
Xeon Gold 6138T,Launched,Q3'17,20,3.70,2.00,27.5,L3 Cache,N/A
Xeon Gold 6138P,Launched,Q2'18,20,3.70,2.00,27.5,L3 Cache,N/A
Xeon Gold 6138F,Launched,Q3'17,20,3.70,2.00,27.5,L3 Cache,N/A
Xeon Gold 6138,Launched,Q3'17,20,3.70,2.00,27.5,L3 Cache,N/A
Xeon Gold 6136,Launched,Q3'17,12,3.70,3.00,24.75,L3 Cache,N/A
Xeon Gold 6134,Launched,Q3'17,8,3.70,3.20,24.75,L3 Cache,N/A
Xeon Gold 6132,Launched,Q3'17,14,3.70,2.60,19.25,L3 Cache,N/A
Xeon Gold 6130T,Launched,Q3'17,16,3.70,2.10,22,L3 Cache,N/A
Xeon Gold 6130F,Launched,Q3'17,16,3.70,2.10,22,L3 Cache,N/A
Xeon Gold 6130,Launched,Q3'17,16,3.70,2.10,22,L3 Cache,N/A
Xeon Gold 6128,Launched,Q3'17,6,3.70,3.40,19.25,L3 Cache,N/A
Xeon Gold 6126T,Launched,Q3'17,12,3.70,2.60,19.25,L3 Cache,N/A
Xeon Gold 6126F,Launched,Q3'17,12,3.70,2.60,19.25,L3 Cache,N/A
Xeon Gold 6126,Launched,Q3'17,12,3.70,2.60,19.25,L3 Cache,N/A
Xeon Gold 5122,Launched,Q3'17,4,3.70,3.60,16.5,L3 Cache,N/A
Xeon Gold 5120T,Launched,Q3'17,14,3.20,2.20,19.25,L3 Cache,N/A
Xeon Gold 5120,Launched,Q3'17,14,3.20,2.20,19.25,L3 Cache,N/A
Xeon Gold 5119T,Launched,Q3'17,14,3.20,1.90,19.25,L3 Cache,N/A
Xeon Gold 5118,Launched,Q3'17,12,3.20,2.30,16.5,L3 Cache,N/A
Xeon Gold 5115,Launched,Q3'17,10,3.20,2.40,13.75,L3 Cache,N/A
Xeon Silver 4116T,Launched,Q3'17,12,3.00,2.10,16.5,L3 Cache,N/A
Xeon Silver 4116,Launched,Q3'17,12,3.00,2.10,16.5,L3 Cache,N/A
Xeon Silver 4114T,Launched,Q3'17,10,3.00,2.20,13.75,L3 Cache,N/A
Xeon Silver 4114,Launched,Q3'17,10,3.00,2.20,13.75,L3 Cache,N/A
Xeon Silver 4112,Launched,Q3'17,4,3.00,2.60,8.25,L3 Cache,N/A
Xeon Silver 4110,Launched,Q3'17,8,3.00,2.10,11,L3 Cache,N/A
Xeon Silver 4109T,Launched,Q3'17,8,3.00,2.00,11,L3 Cache,N/A
Xeon Silver 4108,Launched,Q3'17,8,3.00,1.80,11,L3 Cache,N/A
Xeon Bronze 3106,Launched,Q3'17,8,N/A,1.70,11,L3 Cache,N/A
Xeon Bronze 3104,Launched,Q3'17,6,N/A,1.70,8.25,L3 Cache,N/A
Xeon E-2288G,Launched,Q2'19,8,5.00,3.70,16,Intel Smart Cache,Intel UHD Graphics P630
Xeon E-2286M,Launched,Q2'19,8,5.00,2.40,16,Intel Smart Cache,Intel UHD Graphics P630
Xeon E-2286G,Launched,Q2'19,6,4.90,4.00,12,Intel Smart Cache,Intel UHD Graphics P630
Xeon E-2278GEL,Launched,Q2'19,8,3.90,2.00,16,N/A,Intel UHD 630 Graphics
Xeon E-2278GE,Launched,Q2'19,8,4.70,3.30,16,N/A,Intel UHD 630 Graphics
Xeon E-2278G,Launched,Q2'19,8,5.00,3.40,16,Intel Smart Cache,Intel UHD Graphics P630
Xeon E-2276ML,Launched,Q2'19,6,4.20,2.00,12,N/A,Intel UHD Graphics P630
Xeon E-2276ME,Launched,Q2'19,6,4.50,2.80,12,N/A,Intel UHD Graphics P630
Xeon E-2276M,Launched,Q2'19,6,4.70,2.80,12,Intel Smart Cache,Intel UHD Graphics P630
Xeon E-2276G,Launched,Q2'19,6,4.90,3.80,12,Intel Smart Cache,Intel UHD Graphics P630
Xeon E-2274G,Launched,Q2'19,4,4.90,4.00,8,Intel Smart Cache,Intel UHD Graphics P630
Xeon E-2254ML,Launched,Q2'19,4,3.50,1.70,8,N/A,Intel UHD Graphics P630
Xeon E-2254ME,Launched,Q2'19,4,3.80,2.60,8,N/A,Intel UHD Graphics P630
Xeon E-2246G,Launched,Q2'19,6,4.80,3.60,12,Intel Smart Cache,Intel UHD Graphics P630
Xeon E-2244G,Launched,Q2'19,4,4.80,3.80,8,Intel Smart Cache,Intel UHD Graphics P630
Xeon E-2236,Launched,Q2'19,6,4.80,3.40,12,Intel Smart Cache,N/A
Xeon E-2234,Launched,Q2'19,4,4.80,3.60,8,Intel Smart Cache,N/A
Xeon E-2226GE,Launched,Q2'19,6,4.60,3.40,12,Intel Smart Cache,Intel UHD 630 Graphics
Xeon E-2226G,Launched,Q2'19,6,4.70,3.40,12,Intel Smart Cache,Intel UHD Graphics P630
Xeon E-2224,Launched,Q2'19,4,4.60,3.40,8,Intel Smart Cache,N/A
Xeon E-2224G,Launched,Q2'19,4,4.70,3.50,8,Intel Smart Cache,Intel UHD Graphics P630
Xeon E-2186G,Launched,Q3'18,6,4.70,3.80,12,Intel Smart Cache,Intel UHD Graphics P630
Xeon E-2186M,Launched,Q2'18,6,4.80,2.90,12,Intel Smart Cache,Intel UHD Graphics P630
Xeon E-2176G,Launched,Q3'18,6,4.70,3.70,12,Intel Smart Cache,Intel UHD 630 Graphics
Xeon E-2176M,Launched,Q2'18,6,4.40,2.70,12,Intel Smart Cache,Intel UHD Graphics P630
Xeon E-2174G,Launched,Q3'18,4,4.70,3.80,8,Intel Smart Cache,Intel UHD Graphics P630
Xeon E-2146G,Launched,Q3'18,6,4.50,3.50,12,Intel Smart Cache,Intel UHD Graphics P630
Xeon E-2144G,Launched,Q3'18,4,4.50,3.60,8,Intel Smart Cache,Intel UHD Graphics P630
Xeon E-2136,Launched,Q3'18,6,4.50,3.30,12,Intel Smart Cache,N/A
Xeon E-2134,Launched,Q3'18,4,4.50,3.50,8,Intel Smart Cache,N/A
Xeon E-2126G,Launched,Q3'18,6,4.50,3.30,12,Intel Smart Cache,Intel UHD Graphics P630
Xeon E-2124,Launched,Q3'18,4,4.30,3.30,8,Intel Smart Cache,N/A
Xeon E-2124G,Launched,Q3'18,4,4.50,3.40,8,Intel Smart Cache,Intel UHD 630 Graphics
Xeon W-10885M,Launched,Q2'20,8,5.30,2.40,16,Intel Smart Cache,Intel UHD Graphics
Xeon W-10855M,Launched,Q2'20,6,5.10,2.80,12,Intel Smart Cache,Intel UHD Graphics
Xeon W-3275M,Launched,Q2'19,28,4.40,2.50,38.5,N/A,N/A
Xeon W-3275,Launched,Q2'19,28,4.40,2.50,38.5,N/A,N/A
Xeon W-3265M,Launched,Q2'19,24,4.40,2.70,33,N/A,N/A
Xeon W-3265,Launched,Q2'19,24,4.40,2.70,33,N/A,N/A
Xeon W-3245M,Launched,Q2'19,16,4.40,3.20,22,N/A,N/A
Xeon W-3245,Launched,Q2'19,16,4.40,3.20,22,N/A,N/A
Xeon W-3235,Launched,Q2'19,12,4.40,3.30,19.25,N/A,N/A
Xeon W-3225,Launched,Q2'19,8,4.30,3.70,16.5,N/A,N/A
Xeon W-3223,Launched,Q2'19,8,4.00,3.50,16.5,N/A,N/A
Xeon W-3175X,Launched,Q4'18,28,3.80,3.10,38.5,N/A,N/A
Xeon W-2295,Launched,Q4'19,18,4.60,3.00,24.75,N/A,N/A
Xeon W-2275,Launched,Q4'19,14,4.60,3.30,19.25,N/A,N/A
Xeon W-2265,Launched,Q4'19,12,4.60,3.50,19.25,N/A,N/A
Xeon W-2255,Launched,Q4'19,10,4.50,3.70,19.25,N/A,N/A
Xeon W-2245,Launched,Q4'19,8,4.50,3.90,16.5,N/A,N/A
Xeon W-2235,Launched,Q4'19,6,4.60,3.80,8.25,N/A,N/A
Xeon W-2225,Launched,Q4'19,4,4.60,4.10,8.25,N/A,N/A
Xeon W-2223,Launched,Q4'19,4,3.90,3.60,8.25,N/A,N/A
Xeon W-2195,Launched,Q3'17,18,4.30,2.30,24.75,N/A,N/A
Xeon W-2175,Launched,Q4'17,14,4.30,2.50,19,N/A,N/A
Xeon W-2155,Launched,Q3'17,10,4.50,3.30,13.75,N/A,N/A
Xeon W-2145,Launched,Q3'17,8,4.50,3.70,11,N/A,N/A
Xeon W-2135,Launched,Q3'17,6,4.50,3.70,8.25,N/A,N/A
Xeon W-2133,Launched,Q3'17,6,3.90,3.60,8.25,N/A,N/A
Xeon W-2125,Launched,Q3'17,4,4.50,4.00,8.25,N/A,N/A
Xeon W-2123,Launched,Q3'17,4,3.90,3.60,8.25,N/A,N/A
Xeon W-1290TE,Launched,Q2'20,10,4.50,1.80,20,Intel Smart Cache,Intel UHD 630 Graphics
Xeon W-1290T,Launched,Q2'20,10,4.70,1.90,20,Intel Smart Cache,Intel UHD Graphics P630
Xeon W-1290P,Launched,Q2'20,10,5.30,3.70,20,Intel Smart Cache,Intel UHD Graphics P630
Xeon W-1290E,Launched,Q2'20,10,4.80,3.50,20,Intel Smart Cache,Intel UHD 630 Graphics
Xeon W-1290,Launched,Q2'20,10,5.20,3.20,20,Intel Smart Cache,Intel UHD Graphics P630
Xeon W-1270TE,Launched,Q2'20,8,4.40,2.00,16,Intel Smart Cache,Intel UHD 630 Graphics
Xeon W-1270P,Launched,Q2'20,8,5.10,3.80,16,Intel Smart Cache,Intel UHD Graphics P630
Xeon W-1270E,Launched,Q2'20,8,4.80,3.40,16,Intel Smart Cache,Intel UHD 630 Graphics
Xeon W-1270,Launched,Q2'20,8,5.00,3.40,16,Intel Smart Cache,Intel UHD Graphics P630
Xeon W-1250TE,Launched,Q2'20,6,3.80,2.40,12,Intel Smart Cache,Intel UHD 630 Graphics
Xeon W-1250P,Launched,Q2'20,6,4.80,4.10,12,Intel Smart Cache,Intel UHD Graphics P630
Xeon W-1250E,Launched,Q2'20,6,4.70,3.50,12,Intel Smart Cache,Intel UHD 630 Graphics
Xeon W-1250,Launched,Q2'20,6,4.70,3.30,12,Intel Smart Cache,Intel UHD Graphics P630
Xeon D-2187NT,Launched,Q1'18,16,3.00,2.00,22,N/A,N/A
Xeon D-2183IT,Launched,Q1'18,16,3.00,2.20,22,N/A,N/A
Xeon D-2177NT,Launched,Q1'18,14,3.00,1.90,19,N/A,N/A
Xeon D-2173IT,Launched,Q1'18,14,3.00,1.70,19,N/A,N/A
Xeon D-2166NT,Launched,Q1'18,12,3.00,2.00,17,N/A,N/A
Xeon D-2163IT,Launched,Q1'18,12,3.00,2.10,17,N/A,N/A
Xeon D-2161I,Launched,Q1'18,12,3.00,2.20,16.5,L2 Cache,N/A
Xeon D-2146IT,Launched,Q1'18,8,3.00,2.30,11,N/A,N/A
Xeon D-2145NT,Launched,Q1'18,8,3.00,1.90,11,N/A,N/A
Xeon D-2143IT,Launched,Q1'18,8,3.00,2.20,11,N/A,N/A
Xeon D-2142IT,Launched,Q1'18,8,3.00,1.90,11,N/A,N/A
Xeon D-2141I,Launched,Q1'18,8,3.00,2.20,11,N/A,N/A
Xeon D-2123IT,Launched,Q1'18,4,3.00,2.20,8,N/A,N/A
Xeon D-1653N,Launched,Q2'19,8,3.20,2.80,12,N/A,N/A
Xeon D-1649N,Launched,Q2'19,8,3.00,2.30,12,N/A,N/A
Xeon D-1637,Launched,Q2'19,6,3.20,2.90,9,N/A,N/A
Xeon D-1633N,Launched,Q2'19,6,3.20,2.50,9,N/A,N/A
Xeon D-1627,Launched,Q2'19,4,3.20,2.90,6,N/A,N/A
Xeon D-1623N,Launched,Q2'19,4,3.20,2.40,6,N/A,N/A
Xeon D-1622,Launched,Q2'19,4,3.20,2.60,6,N/A,N/A
Xeon D-1602,Launched,Q2'19,2,3.20,2.50,3,N/A,N/A
Xeon D-1577,Launched,Q1'16,16,2.10,1.30,24,N/A,N/A
Xeon D-1571,Launched,Q1'16,16,2.10,1.30,24,N/A,N/A
Xeon D-1567,Launched,Q1'16,12,2.70,2.10,18,N/A,N/A
Xeon D-1559,Launched,Q2'16,12,2.10,1.50,18,N/A,N/A
Xeon D-1557,Launched,Q1'16,12,2.10,1.50,18,N/A,N/A
Xeon D-1553N,Launched,Q3'17,8,2.70,2.30,12,N/A,N/A
Xeon D-1548,Launched,Q4'15,8,2.60,2.00,12,N/A,N/A
Xeon D-1543N,Launched,Q3'17,8,2.50,1.90,12,N/A,N/A
Xeon D-1541,Launched,Q4'15,8,2.70,2.10,12,N/A,N/A
Xeon D-1540,Launched,Q1'15,8,2.60,2.00,12,N/A,N/A
Xeon D-1539,Launched,Q2'16,8,2.20,1.60,12,N/A,N/A
Xeon D-1537,Launched,Q4'15,8,2.30,1.70,12,N/A,N/A
Xeon D-1533N,Launched,Q3'17,6,2.70,2.10,9,N/A,N/A
Xeon D-1531,Launched,Q4'15,6,2.70,2.20,9,N/A,N/A
Xeon D-1529,Launched,Q2'16,4,1.30,1.30,6,N/A,N/A
Xeon D-1528,Launched,Q4'15,6,2.50,1.90,9,N/A,N/A
Xeon D-1527,Launched,Q4'15,4,2.70,2.20,6,N/A,N/A
Xeon D-1523N,Launched,Q3'17,4,2.60,2.00,6,N/A,N/A
Xeon D-1521,Launched,Q4'15,4,2.70,2.40,6,N/A,N/A
Xeon D-1520,Launched,Q1'15,4,2.60,2.20,6,N/A,N/A
Xeon D-1518,Launched,Q4'15,4,2.20,2.20,6,N/A,N/A
Xeon D-1513N,Launched,Q3'17,4,2.20,1.60,6,N/A,N/A
Xeon E7-8894 v4,Launched,Q1'17,24,3.40,2.40,60,N/A,N/A
Xeon E7-8893 v4,Launched,Q2'16,4,3.50,3.20,60,N/A,N/A
Xeon E7-8891 v4,Launched,Q2'16,10,3.50,2.80,60,N/A,N/A
Xeon E7-8890 v4,Launched,Q2'16,24,3.40,2.20,60,N/A,N/A
Xeon E7-8880 v4,Launched,Q2'16,22,3.30,2.20,55,N/A,N/A
Xeon E7-8870 v4,Launched,Q2'16,20,3.00,2.10,50,N/A,N/A
Xeon E7-8867 v4,Launched,Q2'16,18,3.30,2.40,45,N/A,N/A
Xeon E7-8860 v4,Launched,Q2'16,18,3.20,2.20,45,N/A,N/A
Xeon E7-4850 v4,Launched,Q2'16,16,2.80,2.10,40,N/A,N/A
Xeon E7-4830 v4,Launched,Q2'16,14,2.80,2.00,35,N/A,N/A
Xeon E7-4820 v4,Launched,Q2'16,10,N/A,2.00,25,N/A,N/A
Xeon E7-4809 v4,Launched,Q2'16,8,N/A,2.10,20,N/A,N/A
Xeon E7-8893 v3,Launched,Q2'15,4,3.50,3.20,45,Last Level Cache,N/A
Xeon E7-8891 v3,Launched,Q2'15,10,3.50,2.80,45,Last Level Cache,N/A
Xeon E7-8890 v3,Launched,Q2'15,18,3.30,2.50,45,Last Level Cache,N/A
Xeon E7-8880L v3,Launched,Q2'15,18,2.80,2.00,45,Last Level Cache,N/A
Xeon E7-8880 v3,Launched,Q2'15,18,3.10,2.30,45,Last Level Cache,N/A
Xeon E7-8870 v3,Launched,Q2'15,18,2.90,2.10,45,Last Level Cache,N/A
Xeon E7-8867 v3,Launched,Q2'15,16,3.30,2.50,45,N/A,N/A
Xeon E7-8860 v3,Launched,Q2'15,16,3.20,2.20,40,Last Level Cache,N/A
Xeon E7-4850 v3,Launched,Q2'15,14,2.80,2.20,35,Last Level Cache,N/A
Xeon E7-4830 v3,Launched,Q2'15,12,2.70,2.10,30,Last Level Cache,N/A
Xeon E7-4820 v3,Launched,Q2'15,10,N/A,1.90,25,Last Level Cache,N/A
Xeon E7-4809 v3,Launched,Q2'15,8,N/A,2.00,20,Last Level Cache,N/A
Xeon E7-8850 v2,Launched,Q1'14,12,2.80,2.30,24,N/A,N/A
Xeon E7-8857 v2,Launched,Q1'14,12,3.60,3.00,30,N/A,N/A
Xeon E7-8870 v2,Launched,Q1'14,15,2.90,2.30,30,N/A,N/A
Xeon E7-8880 v2,Launched,Q1'14,15,3.10,2.50,37.5,N/A,N/A
Xeon E7-8880L v2,Launched,Q1'14,15,2.80,2.20,37.5,N/A,N/A
Xeon E7-8890 v2,Launched,Q1'14,15,3.40,2.80,37.5,N/A,N/A
Xeon E7-8891 v2,Launched,Q1'14,10,3.70,3.20,37.5,N/A,N/A
Xeon E7-8893 v2,Launched,Q1'14,6,3.70,3.40,37.5,N/A,N/A
Xeon E7-4890 v2,Launched,Q1'14,15,3.40,2.80,37.5,N/A,N/A
Xeon E7-4880 v2,Launched,Q1'14,15,3.10,2.50,37.5,N/A,N/A
Xeon E7-4870 v2,Launched,Q1'14,15,2.90,2.30,30,N/A,N/A
Xeon E7-4860 v2,Launched,Q1'14,12,3.20,2.60,30,N/A,N/A
Xeon E7-4850 v2,Launched,Q1'14,12,2.80,2.30,24,N/A,N/A
Xeon E7-4830 v2,Launched,Q1'14,10,2.70,2.20,20,N/A,N/A
Xeon E7-4820 v2,Launched,Q1'14,8,2.50,2.00,16,N/A,N/A
Xeon E7-4809 v2,Launched,Q1'14,6,N/A,1.90,12,N/A,N/A
Xeon E7-2890 v2,Launched,Q1'14,15,3.40,2.80,37.5,N/A,N/A
Xeon E7-2880 v2,Launched,Q1'14,15,3.10,2.50,37.5,N/A,N/A
Xeon E7-2870 v2,Launched,Q1'14,15,2.90,2.30,30,N/A,N/A
Xeon E7-2850 v2,Launched,Q1'14,12,2.80,2.30,24,N/A,N/A
Xeon E7-8870,Discontinued,Q2'11,10,2.80,2.40,30,Intel Smart Cache,N/A
Xeon E7-8867L,Discontinued,Q2'11,10,2.53,2.13,30,Intel Smart Cache,N/A
Xeon E7-8860,Discontinued,Q2'11,10,2.67,2.26,24,Intel Smart Cache,N/A
Xeon E7-8850,Discontinued,Q2'11,10,2.40,2.00,24,Intel Smart Cache,N/A
Xeon E7-8837,Discontinued,Q2'11,8,2.80,2.66,24,Intel Smart Cache,N/A
Xeon E7-8830,Discontinued,Q2'11,8,2.40,2.13,24,Intel Smart Cache,N/A
Xeon E7-4870,Discontinued,Q2'11,10,2.80,2.40,30,Intel Smart Cache,N/A
Xeon E7-4860,Discontinued,Q2'11,10,2.67,2.26,24,Intel Smart Cache,N/A
Xeon E7-4850,Discontinued,Q2'11,10,2.40,2.00,24,Intel Smart Cache,N/A
Xeon E7-4830,Discontinued,Q2'11,8,2.40,2.13,24,Intel Smart Cache,N/A
Xeon E7-4820,Discontinued,Q2'11,8,2.27,2.00,18,Intel Smart Cache,N/A
Xeon E7-4807,Discontinued,Q2'11,6,N/A,1.86,18,Intel Smart Cache,N/A
Xeon E7-2870,Discontinued,Q2'11,10,2.80,2.40,30,Intel Smart Cache,N/A
Xeon E7-2860,Discontinued,Q2'11,10,2.67,2.26,24,Intel Smart Cache,N/A
Xeon E7-2850,Discontinued,Q2'11,10,2.40,2.00,24,Intel Smart Cache,N/A
Xeon E7-2830,Discontinued,Q2'11,10,2.40,2.13,24,Intel Smart Cache,N/A
Xeon E7-2820,Discontinued,Q2'11,8,2.27,2.00,18,Intel Smart Cache,N/A
Xeon E7-2803,Discontinued,Q2'11,6,N/A,1.73,18,Intel Smart Cache,N/A
Xeon E5-4669 v4,Launched,Q2'16,22,3.00,2.20,55,N/A,N/A
Xeon E5-4667 v4,Launched,Q2'16,18,3.00,2.20,45,N/A,N/A
Xeon E5-4660 v4,Launched,Q2'16,16,3.00,2.20,40,N/A,N/A
Xeon E5-4655 v4,Launched,Q2'16,8,3.20,2.50,30,N/A,N/A
Xeon E5-4650 v4,Launched,Q2'16,14,2.80,2.20,35,N/A,N/A
Xeon E5-4640 v4,Launched,Q2'16,12,2.60,2.10,30,N/A,N/A
Xeon E5-4628L v4,Launched,Q2'16,14,2.20,1.80,35,N/A,N/A
Xeon E5-4627 v4,Launched,Q2'16,10,3.20,2.60,25,N/A,N/A
Xeon E5-4620 v4,Launched,Q2'16,10,2.60,2.10,25,N/A,N/A
Xeon E5-4610 v4,Launched,Q2'16,10,1.80,1.80,25,N/A,N/A
Xeon E5-2699A v4,Launched,Q4'16,22,3.60,2.40,55,N/A,N/A
Xeon E5-2699R v4,Launched,Q4'16,22,3.60,2.20,55,N/A,N/A
Xeon E5-2699 v4,Launched,Q1'16,22,3.60,2.20,55,Intel Smart Cache,N/A
Xeon E5-2698 v4,Launched,Q1'16,20,3.60,2.20,50,Intel Smart Cache,N/A
Xeon E5-2697 v4,Launched,Q1'16,18,3.60,2.30,45,Intel Smart Cache,N/A
Xeon E5-2697A v4,Launched,Q1'16,16,3.60,2.60,40,Intel Smart Cache,N/A
Xeon E5-2695 v4,Launched,Q1'16,18,3.30,2.10,45,Intel Smart Cache,N/A
Xeon E5-2690 v4,Launched,Q1'16,14,3.50,2.60,35,Intel Smart Cache,N/A
Xeon E5-2687W v4,Launched,Q1'16,12,3.50,3.00,30,Intel Smart Cache,N/A
Xeon E5-2683 v4,Launched,Q1'16,16,3.00,2.10,40,Intel Smart Cache,N/A
Xeon E5-2680 v4,Launched,Q1'16,14,3.30,2.40,35,Intel Smart Cache,N/A
Xeon E5-2667 v4,Launched,Q1'16,8,3.60,3.20,25,Intel Smart Cache,N/A
Xeon E5-2660 v4,Launched,Q1'16,14,3.20,2.00,35,N/A,N/A
Xeon E5-2658 v4,Launched,Q1'16,14,2.80,2.30,35,Intel Smart Cache,N/A
Xeon E5-2650 v4,Launched,Q1'16,12,2.90,2.20,30,Intel Smart Cache,N/A
Xeon E5-2650L v4,Launched,Q1'16,14,2.50,1.70,35,Intel Smart Cache,N/A
Xeon E5-2648L v4,Launched,Q1'16,14,2.50,1.80,35,Intel Smart Cache,N/A
Xeon E5-2643 v4,Launched,Q1'16,6,3.70,3.40,20,Intel Smart Cache,N/A
Xeon E5-2640 v4,Launched,Q1'16,10,3.40,2.40,25,Intel Smart Cache,N/A
Xeon E5-2637 v4,Launched,Q1'16,4,3.70,3.50,15,Intel Smart Cache,N/A
Xeon E5-2630 v4,Launched,Q1'16,10,3.10,2.20,25,Intel Smart Cache,N/A
Xeon E5-2630L v4,Launched,Q1'16,10,2.90,1.80,25,Intel Smart Cache,N/A
Xeon E5-2628L v4,Launched,Q1'16,12,2.40,1.90,30,Intel Smart Cache,N/A
Xeon E5-2623 v4,Launched,Q1'16,4,3.20,2.60,10,Intel Smart Cache,N/A
Xeon E5-2620 v4,Launched,Q1'16,8,3.00,2.10,20,Intel Smart Cache,N/A
Xeon E5-2618L v4,Launched,Q1'16,10,3.20,2.20,25,Intel Smart Cache,N/A
Xeon E5-2609 v4,Launched,Q1'16,8,N/A,1.70,20,Intel Smart Cache,N/A
Xeon E5-2608L v4,Launched,Q1'16,8,1.70,1.60,20,Intel Smart Cache,N/A
Xeon E5-2603 v4,Launched,Q1'16,8,N/A,1.70,15,Intel Smart Cache,N/A
Xeon E5-1680 v4,Launched,Q2'16,8,4.00,3.40,20,N/A,N/A
Xeon E5-1660 v4,Launched,Q2'16,8,3.80,3.20,20,N/A,N/A
Xeon E5-1650 v4,Launched,Q2'16,6,4.00,3.60,15,N/A,N/A
Xeon E5-1630 v4,Launched,Q2'16,4,4.00,3.70,10,N/A,N/A
Xeon E5-1620 v4,Launched,Q2'16,4,3.80,3.50,10,N/A,N/A
Xeon E5-2699 v3,Announced,Q3'14,18,3.60,2.30,45,Intel Smart Cache,N/A
Xeon E5-4669 v3,Launched,Q2'15,18,2.90,2.10,45,N/A,N/A
Xeon E5-2438L v3,Launched,Q1'15,10,N/A,1.80,25,N/A,N/A
Xeon E5-1428L v3,Launched,Q1'15,8,N/A,2.00,20,N/A,N/A
Xeon E5-4667 v3,Launched,Q2'15,16,2.90,2.00,40,N/A,N/A
Xeon E5-2428L v3,Launched,Q1'15,8,N/A,1.80,20,N/A,N/A
Xeon E5-1620 v3,Launched,Q3'14,4,3.60,3.50,10,Intel Smart Cache,N/A
Xeon E5-4660 v3,Launched,Q2'15,14,2.90,2.10,35,N/A,N/A
Xeon E5-2418L v3,Launched,Q1'15,6,N/A,2.00,15,N/A,N/A
Xeon E5-1630 v3,Launched,Q3'14,4,3.80,3.70,10,Intel Smart Cache,N/A
Xeon E5-2698 v3,Announced,Q3'14,16,3.60,2.30,40,Intel Smart Cache,N/A
Xeon E5-4655 v3,Launched,Q2'15,6,3.20,2.90,30,N/A,N/A
Xeon E5-2408L v3,Launched,Q1'15,4,N/A,1.80,10,N/A,N/A
Xeon E5-2697 v3,Launched,Q3'14,14,3.60,2.60,35,Intel Smart Cache,N/A
Xeon E5-1650 v3,Launched,Q3'14,6,3.80,3.50,15,Intel Smart Cache,N/A
Xeon E5-4650 v3,Launched,Q2'15,12,2.80,2.10,30,N/A,N/A
Xeon E5-1660 v3,Launched,Q3'14,8,3.50,3.00,20,Intel Smart Cache,N/A
Xeon E5-4648 v3,Launched,Q2'15,12,2.20,1.70,30,N/A,N/A
Xeon E5-1680 v3,Launched,Q3'14,8,3.80,3.20,20,Intel Smart Cache,N/A
Xeon E5-2695 v3,Launched,Q3'14,14,3.30,2.30,35,Intel Smart Cache,N/A
Xeon E5-4640 v3,Launched,Q2'15,12,2.60,1.90,30,N/A,N/A
Xeon E5-2690 v3,Launched,Q3'14,12,3.50,2.60,30,Intel Smart Cache,N/A
Xeon E5-4627 v3,Launched,Q2'15,10,3.20,2.60,25,N/A,N/A
Xeon E5-2687W v3,Launched,Q3'14,10,3.50,3.10,25,Intel Smart Cache,N/A
Xeon E5-4620 v3,Launched,Q2'15,10,2.60,2.00,25,N/A,N/A
Xeon E5-4610 v3,Launched,Q2'15,10,1.70,1.70,25,N/A,N/A
Xeon E5-2683 v3,Launched,Q3'14,14,3.00,2.00,35,Intel Smart Cache,N/A
Xeon E5-2680 v3,Launched,Q3'14,12,3.30,2.50,30,Intel Smart Cache,N/A
Xeon E5-2670 v3,Launched,Q3'14,12,3.10,2.30,30,Intel Smart Cache,N/A
Xeon E5-2667 v3,Launched,Q3'14,8,3.60,3.20,20,Intel Smart Cache,N/A
Xeon E5-2660 v3,Launched,Q3'14,10,3.30,2.60,25,Intel Smart Cache,N/A
Xeon E5-2658A v3,Launched,Q1'15,12,2.90,2.20,30,Intel Smart Cache,N/A
Xeon E5-2658 v3,Launched,Q3'14,12,2.90,2.20,30,Intel Smart Cache,N/A
Xeon E5-2650L v3,Launched,Q3'14,12,2.50,1.80,30,Intel Smart Cache,N/A
Xeon E5-2650 v3,Launched,Q3'14,10,3.00,2.30,25,Intel Smart Cache,N/A
Xeon E5-2648L v3,Launched,Q3'14,12,2.50,1.80,30,Intel Smart Cache,N/A
Xeon E5-2643 v3,Launched,Q3'14,6,3.70,3.40,20,Intel Smart Cache,N/A
Xeon E5-2640 v3,Launched,Q3'14,8,3.40,2.60,20,Intel Smart Cache,N/A
Xeon E5-2637 v3,Launched,Q3'14,4,3.70,3.50,15,Intel Smart Cache,N/A
Xeon E5-2630L v3,Launched,Q3'14,8,2.90,1.80,20,Intel Smart Cache,N/A
Xeon E5-2630 v3,Launched,Q3'14,8,3.20,2.40,20,Intel Smart Cache,N/A
Xeon E5-2628L v3,Launched,Q3'14,10,2.50,2.00,25,Intel Smart Cache,N/A
Xeon E5-2623 v3,Launched,Q3'14,4,3.50,3.00,10,Intel Smart Cache,N/A
Xeon E5-2620 v3,Launched,Q3'14,6,3.20,2.40,15,Intel Smart Cache,N/A
Xeon E5-2618L v3,Launched,Q3'14,8,3.40,2.30,20,Intel Smart Cache,N/A
Xeon E5-2609 v3,Discontinued,Q3'14,6,N/A,1.90,15,Intel Smart Cache,N/A
Xeon E5-2608L v3,Launched,Q3'14,6,N/A,2.00,15,Intel Smart Cache,N/A
Xeon E5-2603 v3,Launched,Q3'14,6,N/A,1.60,15,Intel Smart Cache,N/A
Xeon E5-4603 v2,Launched,Q1'14,4,2.20,2.20,10,Intel Smart Cache,N/A
Xeon E5-2603 v2,Launched,Q3'13,4,N/A,1.80,10,Intel Smart Cache,N/A
Xeon E5-2403 v2,Launched,Q1'14,4,1.80,1.80,10,Intel Smart Cache,N/A
Xeon E5-1620 v2,Launched,Q3'13,4,3.90,3.70,10,Intel Smart Cache,N/A
Xeon E5-4607 v2,Launched,Q1'14,6,2.60,2.60,15,Intel Smart Cache,N/A
Xeon E5-1428L v2,Launched,Q1'14,6,2.70,2.20,15,Intel Smart Cache,N/A
Xeon E5-2609 v2,Launched,Q3'13,4,2.50,2.50,10,Intel Smart Cache,N/A
Xeon E5-2407 v2,Launched,Q1'14,4,2.40,2.40,10,Intel Smart Cache,N/A
Xeon E5-4610 v2,Launched,Q1'14,8,2.70,2.30,16,Intel Smart Cache,N/A
Xeon E5-1650 v2,Launched,Q3'13,6,3.90,3.50,12,Intel Smart Cache,N/A
Xeon E5-2418L v2,Launched,Q1'14,6,2.00,2.00,15,Intel Smart Cache,N/A
Xeon E5-2618L v2,Launched,Q3'13,6,2.00,2.00,15,Intel Smart Cache,N/A
Xeon E5-4620 v2,Launched,Q1'14,8,3.00,2.60,20,Intel Smart Cache,N/A
Xeon E5-2620 v2,Launched,Q3'13,6,2.60,2.10,15,Intel Smart Cache,N/A
Xeon E5-1660 v2,Launched,Q3'13,6,4.00,3.70,15,Intel Smart Cache,N/A
Xeon E5-2420 v2,Launched,Q1'14,6,2.70,2.20,15,Intel Smart Cache,N/A
Xeon E5-4624L v2,Launched,Q1'14,10,2.50,1.90,25,Intel Smart Cache,N/A
Xeon E5-2428L v2,Launched,Q1'14,8,2.30,1.80,20,Intel Smart Cache,N/A
Xeon E5-2628L v2,Launched,Q3'13,8,2.40,1.90,20,Intel Smart Cache,N/A
Xeon E5-4627 v2,Launched,Q1'14,8,3.60,3.30,16,Intel Smart Cache,N/A
Xeon E5-2630 v2,Launched,Q3'13,6,3.10,2.60,15,Intel Smart Cache,N/A
Xeon E5-2430 v2,Launched,Q1'14,6,3.00,2.50,15,Intel Smart Cache,N/A
Xeon E5-4640 v2,Launched,Q1'14,10,2.70,2.20,20,Intel Smart Cache,N/A
Xeon E5-2630L v2,Launched,Q3'13,6,2.80,2.40,15,Intel Smart Cache,N/A
Xeon E5-2430L v2,Launched,Q1'14,6,2.80,2.40,15,Intel Smart Cache,N/A
Xeon E5-2637 v2,Launched,Q3'13,4,3.80,3.50,15,Intel Smart Cache,N/A
Xeon E5-4650 v2,Launched,Q1'14,10,2.90,2.40,25,Intel Smart Cache,N/A
Xeon E5-2440 v2,Launched,Q1'14,8,2.40,1.90,20,Intel Smart Cache,N/A
Xeon E5-2448L v2,Launched,Q1'14,10,2.40,1.80,25,Intel Smart Cache,N/A
Xeon E5-4657L v2,Launched,Q1'14,12,2.90,2.40,30,Intel Smart Cache,N/A
Xeon E5-2640 v2,Launched,Q3'13,8,2.50,2.00,20,Intel Smart Cache,N/A
Xeon E5-2643 v2,Launched,Q3'13,6,3.80,3.50,25,Intel Smart Cache,N/A
Xeon E5-2450 v2,Launched,Q1'14,8,3.30,2.50,20,Intel Smart Cache,N/A
Xeon E5-2450L v2,Launched,Q1'14,10,2.10,1.70,25,Intel Smart Cache,N/A
Xeon E5-2648L v2,Launched,Q3'13,10,2.50,1.90,25,Intel Smart Cache,N/A
Xeon E5-2650 v2,Launched,Q3'13,8,3.40,2.60,20,Intel Smart Cache,N/A
Xeon E5-2470 v2,Launched,Q1'14,10,3.20,2.40,25,Intel Smart Cache,N/A
Xeon E5-2650L v2,Launched,Q3'13,10,2.10,1.70,25,Intel Smart Cache,N/A
Xeon E5-2658 v2,Launched,Q3'13,10,3.00,2.40,25,Intel Smart Cache,N/A
Xeon E5-2660 v2,Launched,Q3'13,10,3.00,2.20,25,Intel Smart Cache,N/A
Xeon E5-2667 v2,Launched,Q3'13,8,4.00,3.30,25,Intel Smart Cache,N/A
Xeon E5-2670 v2,Launched,Q3'13,10,3.30,2.50,25,Intel Smart Cache,N/A
Xeon E5-2680 v2,Launched,Q3'13,10,3.60,2.80,25,Intel Smart Cache,N/A
Xeon E5-2687W v2,Launched,Q3'13,8,4.00,3.40,25,Intel Smart Cache,N/A
Xeon E5-2690 v2,Launched,Q3'13,10,3.60,3.00,25,Intel Smart Cache,N/A
Xeon E5-2695 v2,Launched,Q3'13,12,3.20,2.40,30,Intel Smart Cache,N/A
Xeon E5-2697 v2,Launched,Q3'13,12,3.50,2.70,30,Intel Smart Cache,N/A
Xeon E5-2403,Discontinued,Q2'12,4,N/A,1.80,10,Intel Smart Cache,N/A
Xeon E5-2603,Discontinued,Q1'12,4,N/A,1.80,10,Intel Smart Cache,N/A
Xeon E5-4603,Discontinued,Q2'12,4,N/A,2.00,10,Intel Smart Cache,N/A
Xeon E5-4607,Discontinued,Q2'12,6,N/A,2.20,12,Intel Smart Cache,N/A
Xeon E5-2407,Discontinued,Q2'12,4,N/A,2.20,10,Intel Smart Cache,N/A
Xeon E5-2418L,Launched,Q2'12,4,2.10,3.00,10,Intel Smart Cache,N/A
Xeon E5-4610,Discontinued,Q2'12,6,2.90,2.40,15,Intel Smart Cache,N/A
Xeon E5-1620,Discontinued,Q1'12,4,3.80,3.60,10,Intel Smart Cache,N/A
Xeon E5-1428L,Discontinued,Q2'12,6,N/A,1.80,15,L3 Cache,N/A
Xeon E5-2609,Discontinued,Q1'12,4,N/A,2.40,10,Intel Smart Cache,N/A
Xeon E5-4617,Discontinued,Q2'12,6,3.40,2.90,15,Intel Smart Cache,N/A
Xeon E5-2420,Discontinued,Q2'12,6,2.40,1.90,15,Intel Smart Cache,N/A
Xeon E5-2620,Discontinued,Q1'12,6,2.50,2.00,15,Intel Smart Cache,N/A
Xeon E5-1650,Discontinued,Q1'12,6,3.80,3.20,12,Intel Smart Cache,N/A
Xeon E5-4620,Discontinued,Q2'12,8,2.60,2.20,16,Intel Smart Cache,N/A
Xeon E5-2428L,Discontinued,Q2'12,6,2.00,1.80,15,Intel Smart Cache,N/A
Xeon E5-1660,Discontinued,Q1'12,6,3.90,3.30,15,Intel Smart Cache,N/A
Xeon E5-2430,Discontinued,Q2'12,6,2.70,2.20,15,Intel Smart Cache,N/A
Xeon E5-4640,Discontinued,Q2'12,8,2.80,2.40,20,Intel Smart Cache,N/A
Xeon E5-2430L,Discontinued,Q2'12,6,2.50,2.00,15,Intel Smart Cache,N/A
Xeon E5-4650,Discontinued,Q2'12,8,3.30,2.70,20,Intel Smart Cache,N/A
Xeon E5-2630,Discontinued,Q1'12,6,2.80,2.30,15,Intel Smart Cache,N/A
Xeon E5-2440,Discontinued,Q2'12,6,2.90,2.40,15,Intel Smart Cache,N/A
Xeon E5-2448L,Launched,Q2'12,8,2.10,1.80,20,Intel Smart Cache,N/A
Xeon E5-2630L,Discontinued,Q1'12,6,2.50,2.00,15,Intel Smart Cache,N/A
Xeob E5-4650L,Discontinued,Q2'12,8,3.10,2.60,20,Intel Smart Cache,N/A
Xeon E5-2450,Discontinued,Q2'12,8,2.90,2.10,20,Intel Smart Cache,N/A
Xeon E5-2637,Discontinued,Q1'12,2,3.50,3.00,5,Intel Smart Cache,N/A
Xeon E5-2640,Discontinued,Q1'12,6,3.00,2.50,15,Intel Smart Cache,N/A
Xeon E5-2450L,Discontinued,Q2'12,8,2.30,1.80,20,Intel Smart Cache,N/A
Xeon E5-2470,Discontinued,Q2'12,8,3.10,2.30,20,Intel Smart Cache,N/A
Xeon E5-2643,Discontinued,Q1'12,4,3.50,3.30,10,Intel Smart Cache,N/A
Xeon E5-2648L,Discontinued,Q1'12,8,2.10,1.80,20,Intel Smart Cache,N/A
Xeon E5-2650,Discontinued,Q1'12,8,2.80,2.00,20,Intel Smart Cache,N/A
Xeon E5-2650L,Discontinued,Q1'12,8,2.30,1.80,20,Intel Smart Cache,N/A
Xeon E5-2658,Discontinued,Q1'12,8,2.40,2.10,20,Intel Smart Cache,N/A
Xeon E5-2660,Discontinued,Q1'12,8,3.00,2.20,20,Intel Smart Cache,N/A
Xeon E5-2665,Discontinued,Q1'12,8,3.10,2.40,20,Intel Smart Cache,N/A
Xeon E5-2667,Discontinued,Q1'12,6,3.50,2.90,15,Intel Smart Cache,N/A
Xeon E5-2670,Discontinued,Q1'12,8,3.30,2.60,20,Intel Smart Cache,N/A
Xeon E5-2680,Discontinued,Q1'12,8,3.50,2.70,20,Intel Smart Cache,N/A
Xeon E5-2687W,Discontinued,Q1'12,8,3.80,3.10,20,Intel Smart Cache,N/A
Xeon E5-2690,Discontinued,Q1'12,8,3.80,2.90,20,Intel Smart Cache,N/A
Xeon E3-1535M v6,Launched,Q1'17,4,4.20,3.10,8,N/A,Intel HD P630 Graphics
Xeon E3-1505M v6,Launched,Q1'17,4,4.00,3.00,8,N/A,Intel HD P630 Graphics
Xeon E3-1505L v6,Launched,Q1'17,4,3.00,2.20,8,N/A,Intel HD P630 Graphics
Xeon E3-1501L v6,Launched,Q2'17,4,2.90,2.10,6,N/A,Intel HD P630 Graphics
Xeon E3-1501M v6,Launched,Q2'17,4,3.60,2.90,6,N/A,Intel HD P630 Graphics
Xeon E3-1285 v6,Launched,Q3'17,4,4.50,4.10,8,Intel Smart Cache,Intel HD P630 Graphics
Xeon E3-1280 v6,Launched,Q1'17,4,4.20,3.90,8,Intel Smart Cache,N/A
Xeon E3-1275 v6,Launched,Q1'17,4,4.20,3.80,8,Intel Smart Cache,Intel HD P630 Graphics
Xeon E3-1270 v6,Launched,Q1'17,4,4.20,3.80,8,Intel Smart Cache,N/A
Xeon E3-1245 v6,Launched,Q1'17,4,4.10,3.70,8,Intel Smart Cache,Intel HD P630 Graphics
Xeon E3-1240 v6,Launched,Q1'17,4,4.10,3.70,8,Intel Smart Cache,N/A
Xeon E3-1230 v6,Launched,Q1'17,4,3.90,3.50,8,Intel Smart Cache,N/A
Xeon E3-1225 v6,Launched,Q1'17,4,3.70,3.30,8,Intel Smart Cache,Intel HD P630 Graphics
Xeon E3-1220 v6,Launched,Q1'17,4,3.50,3.00,8,Intel Smart Cache,N/A
Xeon E3-1585 v5,Launched,Q2'16,4,3.90,3.50,8,N/A,Intel Iris Pro P580 Graphics
Xeon E3-1585L v5,Launched,Q2'16,4,3.70,3.00,8,N/A,Intel Iris Pro P580 Graphics
Xeon E3-1578L v5,Launched,Q2'16,4,3.40,2.00,8,N/A,Intel Iris Pro P580 Graphics
Xeon E3-1575M v5,Launched,Q1'16,4,3.90,3.00,8,Intel Smart Cache,Intel Iris Pro P580 Graphics
Xeon E3-1565L v5,Launched,Q2'16,4,3.50,2.50,8,N/A,Intel Iris Pro P580 Graphics
Xeon E3-1558L v5,Launched,Q2'16,4,3.30,1.90,8,N/A,N/A
Xeon E3-1545M v5,Launched,Q1'16,4,3.80,2.90,8,Intel Smart Cache,Intel Iris Pro P580 Graphics
Xeon E3-1535M v5,Launched,Q3'15,4,3.80,2.90,8,Intel Smart Cache,Intel HD P530 Graphics
Xeon E3-1515M v5,Launched,Q1'16,4,3.70,2.80,8,Intel Smart Cache,Intel Iris Pro P580 Graphics
Xeon E3-1505M v5,Launched,Q3'15,4,3.70,2.80,8,Intel Smart Cache,Intel HD P530 Graphics
Xeon E3-1505L v5,Launched,Q4'15,4,2.80,2.00,8,Intel Smart Cache,Intel HD P530 Graphics
Xeon E3-1280 v5,Launched,Q4'15,4,4.00,3.70,8,Intel Smart Cache,N/A
Xeon E3-1275 v5,Launched,Q4'15,4,4.00,3.60,8,Intel Smart Cache,Intel HD P530 Graphics
Xeon E3-1270 v5,Launched,Q4'15,4,4.00,3.60,8,Intel Smart Cache,N/A
Xeon E3-1268L v5,Launched,Q4'15,4,3.40,2.40,8,Intel Smart Cache,Intel HD P530 Graphics
Xeon E3-1260L v5,Launched,Q4'15,4,3.90,2.90,8,Intel Smart Cache,N/A
Xeon E3-1245 v5,Launched,Q4'15,4,3.90,3.50,8,Intel Smart Cache,Intel HD P530 Graphics
Xeon E3-1240L v5,Launched,Q4'15,4,3.20,2.10,8,Intel Smart Cache,N/A
Xeon E3-1240 v5,Launched,Q4'15,4,3.90,3.50,8,Intel Smart Cache,N/A
Xeon E3-1235L v5,Launched,Q4'15,4,3.00,2.00,8,Intel Smart Cache,Intel HD P530 Graphics
Xeon E3-1230 v5,Launched,Q4'15,4,3.80,3.40,8,Intel Smart Cache,N/A
Xeon E3-1225 v5,Launched,Q4'15,4,3.70,3.30,8,Intel Smart Cache,Intel HD P530 Graphics
Xeon E3-1220 v5,Launched,Q4'15,4,3.50,3.00,8,Intel Smart Cache,N/A
Xeon E3-1285L v4,Launched,Q2'15,4,3.80,3.40,6,N/A,N/A
Xeon E3-1285 v4,Launched,Q2'15,4,3.80,3.50,6,N/A,N/A
Xeon E3-1278L v4,Launched,Q2'15,4,3.30,2.00,6,Intel Smart Cache,N/A
Xeon E3-1265L v4,Launched,Q2'15,4,3.30,2.30,6,N/A,N/A
Xeon E3-1258L v4,Launched,Q2'15,4,3.20,1.80,6,Intel Smart Cache,N/A
Xeon E3-1286L v3,Discontinued,Q2'14,4,4.00,3.20,8,Intel Smart Cache,N/A
Xeon E3-1286 v3,Discontinued,Q2'14,4,4.10,3.70,8,Intel Smart Cache,N/A
Xeon E3-1285L v3,Discontinued,Q2'13,4,3.90,3.10,8,Intel Smart Cache,N/A
Xeon E3-1285 v3,Discontinued,Q2'13,4,4.00,3.60,8,Intel Smart Cache,N/A
Xeon E3-1281 v3,Launched,Q2'14,4,4.10,3.70,8,Intel Smart Cache,N/A
Xeon E3-1280 v3,Discontinued,Q2'13,4,4.00,3.60,8,Intel Smart Cache,N/A
Xeon E3-1276 v3,Launched,Q2'14,4,4.00,3.60,8,Intel Smart Cache,N/A
Xeon E3-1275L v3,Discontinued,Q2'14,4,3.90,2.70,8,Intel Smart Cache,Intel HD Graphics for 4th Gen Intel Processors
Xeon E3-1270 v3,Discontinued,Q2'13,4,3.90,3.50,8,Intel Smart Cache,N/A
Xeon E3-1268L v3,Launched,Q2'13,4,3.30,2.30,8,Intel Smart Cache,Intel HD 4600 Graphics
Xeon E3-1271 v3,Launched,Q2'14,4,4.00,3.60,8,Intel Smart Cache,N/A
Xeon E3-1275 v3,Launched,Q2'13,4,3.90,3.50,8,Intel Smart Cache,N/A
Xeon E3-1265L v3,Launched,Q2'13,4,3.70,2.50,8,Intel Smart Cache,Intel HD Graphics for 4th Gen Intel Processors
Xeon E3-1246 v3,Launched,Q2'14,4,3.90,3.50,8,Intel Smart Cache,N/A
Xeon E3-1245 v3,Discontinued,Q2'13,4,3.80,3.40,8,Intel Smart Cache,N/A
Xeon E3-1241 v3,Launched,Q2'14,4,3.90,3.50,8,Intel Smart Cache,N/A
Xeon E3-1240L v3,Launched,Q2'14,4,3.00,2.00,8,Intel Smart Cache,N/A
Xeon E3-1240 v3,Discontinued,Q2'13,4,3.80,3.40,8,Intel Smart Cache,N/A
Xeon E3-1231 v3,Launched,Q2'14,4,3.80,3.40,8,Intel Smart Cache,N/A
Xeon E3-1230L v3,Launched,Q2'13,4,2.80,1.80,8,Intel Smart Cache,N/A
Xeon E3-1230 v3,Discontinued,Q2'13,4,3.70,3.30,8,Intel Smart Cache,N/A
Xeon E3-1226 v3,Launched,Q2'14,4,3.70,3.30,8,Intel Smart Cache,N/A
Xeon E3-1225 v3,Launched,Q2'13,4,3.60,3.20,8,Intel Smart Cache,N/A
Xeon E3-1220L v3,Launched,Q3'13,2,1.50,1.10,4,Intel Smart Cache,N/A
Xeon E3-1220 v3,Launched,Q2'13,4,3.50,3.10,8,Intel Smart Cache,N/A
Xeon E3-1290 v2,Discontinued,Q2'12,4,4.10,3.70,8,Intel Smart Cache,N/A
Xeon E3-1280 v2,Discontinued,Q2'12,4,4.00,3.60,8,Intel Smart Cache,N/A
Xeon E3-1275 v2,Launched,Q2'12,4,3.90,3.50,8,Intel Smart Cache,N/A
Xeon E3-1270 v2,Discontinued,Q2'12,4,3.90,3.50,8,Intel Smart Cache,N/A
Xeon E3-1265L v2,Discontinued,Q2'12,4,3.50,2.50,8,Intel Smart Cache,Intel HD 2500 Graphics
Xeon E3-1245 v2,Discontinued,Q2'12,4,3.80,3.40,8,Intel Smart Cache,N/A
Xeon E3-1240 v2,Discontinued,Q2'12,4,3.80,3.40,8,Intel Smart Cache,N/A
Xeon E3-1230 v2,Discontinued,Q2'12,4,3.70,3.30,8,Intel Smart Cache,N/A
Xeon E3-1225 v2,Launched,Q2'12,4,3.60,3.20,8,Intel Smart Cache,N/A
Xeon E3-1220 v2,Discontinued,Q2'12,4,3.50,3.10,8,Intel Smart Cache,N/A
Xeon E3-1220L v2,Discontinued,Q2'12,2,3.50,2.30,3,Intel Smart Cache,N/A
Xeon E3-1125C v2,Launched,Q3'13,4,N/A,2.50,8,L3 Cache,N/A
Xeon E3-1105C v2,Launched,Q3'13,4,N/A,1.80,8,L3 Cache,N/A
Xeon E3-1290,Discontinued,Q3'11,4,4.00,3.60,8,Intel Smart Cache,N/A
Xeon E3-1280,Discontinued,Q2'11,4,3.90,3.50,8,Intel Smart Cache,N/A
Xeon E3-1275,Discontinued,Q2'11,4,3.80,3.40,8,Intel Smart Cache,N/A
Xeon E3-1270,Discontinued,Q2'11,4,3.80,3.40,8,Intel Smart Cache,N/A
Xeon E3-1260L,Discontinued,Q2'11,4,3.30,2.40,8,Intel Smart Cache,Intel HD 2000 Graphics
Xeon E3-1245,Discontinued,Q2'11,4,3.70,3.30,8,Intel Smart Cache,N/A
Xeon E3-1240,Discontinued,Q2'11,4,3.70,3.30,8,Intel Smart Cache,N/A
Xeon E3-1235,Discontinued,Q2'11,4,3.60,3.20,8,Intel Smart Cache,N/A
Xeon E3-1230,Discontinued,Q2'11,4,3.60,3.20,8,Intel Smart Cache,N/A
Xeon E3-1225,Discontinued,Q2'11,4,3.40,3.10,6,Intel Smart Cache,N/A
Xeon E3-1220L,Discontinued,Q2'11,2,3.40,2.20,3,Intel Smart Cache,N/A
Xeon E3-1220,Discontinued,Q2'11,4,3.40,3.10,8,Intel Smart Cache,N/A
Xeon E3-1125C,Launched,Q2'12,4,N/A,2.00,8,L3 Cache,N/A
Xeon E3-1105C,Launched,Q2'12,4,N/A,1.00,6,L3 Cache,N/A
Xeon X7560,Discontinued,Q1'10,8,2.67,2.27,24,L3 Cache,N/A
Xeon L7555,Discontinued,Q1'10,8,2.53,1.87,24,L3 Cache,N/A
Xeon X7550,Discontinued,Q1'10,8,2.40,2.00,18,L3 Cache,N/A
Xeon L7545,Discontinued,Q1'10,6,2.53,1.87,18,L3 Cache,N/A
Xeon X7542,Discontinued,Q1'10,6,2.80,2.67,18,L3 Cache,N/A
Xeon E7540,Discontinued,Q1'10,6,2.27,2.00,18,L3 Cache,N/A
Xeon E7530,Discontinued,Q1'10,6,2.13,1.87,12,L3 Cache,N/A
Xeon E7520,Discontinued,Q1'10,4,1.87,1.87,18,L3 Cache,N/A
Xeon X7460,Discontinued,Q3'08,6,N/A,2.66,16,L2 Cache,N/A
Xeon E7450,Discontinued,Q3'08,6,N/A,2.40,12,L3 Cache,N/A
Xeon L7455,Discontinued,Q3'08,6,N/A,2.13,12,L2 Cache,N/A
Xeon L7445,Discontinued,Q3'08,4,N/A,2.13,12,L2 Cache,N/A
Xeon E7440,Discontinued,Q3'08,4,N/A,2.40,16,L2 Cache,N/A
Xeon E7430,Discontinued,Q3'08,4,N/A,2.13,12,L2 Cache,N/A
Xeon E7420,Discontinued,Q3'08,4,N/A,2.13,8,L2 Cache,N/A
Xeon X7350,Discontinued,Q3'07,4,N/A,2.93,8,L2 Cache,N/A
Xeon L7345,Discontinued,Q3'07,4,N/A,1.86,8,L2 Cache,N/A
Xeon E7340,Discontinued,Q3'07,4,N/A,2.40,8,L2 Cache,N/A
Xeon E7330,Discontinued,Q3'07,4,N/A,2.40,6,L2 Cache,N/A
Xeon E7320,Discontinued,Q3'07,4,N/A,2.13,4,L2 Cache,N/A
Xeon E7310,Discontinued,Q3'07,4,N/A,1.60,4,L2 Cache,N/A
Xeon E7220,Discontinued,Q3'07,2,N/A,2.93,8,L2 Cache,N/A
Xeon E7210,Discontinued,Q3'07,2,N/A,2.40,8,L2 Cache,N/A
Xeon 7150N,Discontinued,N/A,2,N/A,3.50,16,L2 Cache,N/A
Xeon 7140N,Discontinued,N/A,2,N/A,3.33,16,L2 Cache,N/A
Xeon 7140M,Discontinued,N/A,2,N/A,3.40,16,L2 Cache,N/A
Xeon 7130N,Discontinued,N/A,2,N/A,3.16,8,L2 Cache,N/A
Xeon 7130M,Discontinued,N/A,2,N/A,3.20,8,L2 Cache,N/A
Xeon 7120N,Discontinued,N/A,2,N/A,3.00,4,L2 Cache,N/A
Xeon 7120M,Discontinued,N/A,2,N/A,3.00,4,L2 Cache,N/A
Xeon 7110N,Discontinued,N/A,2,N/A,2.50,4,L2 Cache,N/A
Xeon 7110M,Discontinued,N/A,2,N/A,2.60,4,L2 Cache,N/A
Xeon 7041,Discontinued,N/A,2,N/A,3.00,4,L2 Cache,N/A
Xeon 7040,Discontinued,N/A,2,N/A,3.00,4,L2 Cache,N/A
Xeon 7020,Discontinued,N/A,2,N/A,2.66,2,L2 Cache,N/A
Xeon 7030,Discontinued,N/A,2,N/A,2.80,2,L2 Cache,N/A
Xeon X6550,Discontinued,Q1'10,8,2.40,2.00,18,L3 Cache,N/A
Xeon E6540,Discontinued,Q1'10,6,2.27,2.00,18,L3 Cache,N/A
Xeon E6510,Discontinued,Q1'10,4,1.73,1.73,12,L3 Cache,N/A
Xeon X5690,Discontinued,Q1'11,6,3.73,3.46,12,Intel Smart Cache,N/A
Xeon X5687,Discontinued,Q1'11,4,3.86,3.60,12,Intel Smart Cache,N/A
Xeon X5680,Discontinued,Q1'10,6,3.60,3.33,12,Intel Smart Cache,N/A
Xeon X5677,Discontinued,Q1'10,4,3.73,3.46,12,Intel Smart Cache,N/A
Xeon X5675,Discontinued,Q1'11,6,3.46,3.06,12,Intel Smart Cache,N/A
Xeon X5672,Discontinued,Q1'11,4,3.60,3.20,12,Intel Smart Cache,N/A
Xeon X5670,Discontinued,Q1'10,6,3.33,2.93,12,Intel Smart Cache,N/A
Xeon X5667,Discontinued,Q1'10,4,3.46,3.06,12,Intel Smart Cache,N/A
Xeon X5660,Discontinued,Q1'10,6,3.20,2.80,12,Intel Smart Cache,N/A
Xeon X5650,Discontinued,Q1'10,6,3.06,2.66,12,Intel Smart Cache,N/A
Xeon E5649,Discontinued,Q1'11,6,2.93,2.53,12,Intel Smart Cache,N/A
Xeon X5647,Discontinued,Q1'11,4,3.20,2.93,12,Intel Smart Cache,N/A
Xeon E5645,Discontinued,Q1'10,6,2.67,2.40,12,Intel Smart Cache,N/A
Xeon L5640,Discontinued,Q1'10,6,2.80,2.26,12,Intel Smart Cache,N/A
Xeon E5640,Discontinued,Q1'10,4,2.93,2.66,12,Intel Smart Cache,N/A
Xeon L5638,Discontinued,Q1'10,6,2.40,2.00,12,N/A,N/A
Xeon L5630,Discontinued,Q1'10,4,2.40,2.13,12,Intel Smart Cache,N/A
Xeon E5630,Discontinued,Q1'10,4,2.80,2.53,12,Intel Smart Cache,N/A
Xeon E5620,Discontinued,Q1'10,4,2.66,2.40,12,Intel Smart Cache,N/A
Xeon L5618,Discontinued,Q1'10,4,2.26,1.87,12,N/A,N/A
Xeon L5609,Discontinued,Q1'10,4,1.86,1.86,12,Intel Smart Cache,N/A
Xeon E5607,Discontinued,Q1'11,4,N/A,2.26,8,Intel Smart Cache,N/A
Xeon E5606,Discontinued,Q1'11,4,N/A,2.13,8,Intel Smart Cache,N/A
Xeon E5506,Discontinued,Q1'09,4,N/A,2.13,4,Intel Smart Cache,N/A
Xeon E5603,Discontinued,Q1'11,4,N/A,1.60,4,Intel Smart Cache,N/A
Xeon W5590,Discontinued,Q3'09,4,3.60,3.33,8,Intel Smart Cache,N/A
Xeon W5580,Discontinued,Q1'09,4,3.46,3.20,8,Intel Smart Cache,N/A
Xeon X5570,Discontinued,Q1'09,4,3.33,2.93,8,Intel Smart Cache,N/A
Xeon X5560,Discontinued,Q1'09,4,3.20,2.80,8,Intel Smart Cache,N/A
Xeon X5550,Discontinued,Q1'09,4,3.06,2.66,8,Intel Smart Cache,N/A
Xeon EC5549,Discontinued,Q1'10,4,2.93,2.53,8,L3 Cache,N/A
Xeon E5540,Discontinued,Q1'09,4,2.80,2.53,8,Intel Smart Cache,N/A
Xeon EC5539,Discontinued,Q1'10,2,N/A,2.27,4,L3 Cache,N/A
Xeon L5530,Discontinued,Q3'09,4,2.66,2.40,8,Intel Smart Cache,N/A
Xeon E5530,Discontinued,Q1'09,4,2.66,2.40,8,Intel Smart Cache,N/A
Xeon LC5528,Discontinued,Q1'10,4,2.53,2.13,8,L3 Cache,N/A
Xeon L5520,Discontinued,Q1'09,4,2.48,2.26,8,Intel Smart Cache,N/A
Xeon E5520,Discontinued,Q1'09,4,2.53,2.26,8,Intel Smart Cache,N/A
Xeon LC5518,Discontinued,Q1'10,4,2.13,1.73,8,L3 Cache,N/A
Xeon L5518,Discontinued,Q1'09,4,2.40,2.13,8,Intel Smart Cache,N/A
Xeon EC5509,Discontinued,Q1'10,4,N/A,2.00,8,L3 Cache,N/A
Xeon L5508,Discontinued,Q1'09,2,2.40,2.00,8,Intel Smart Cache,N/A
Xeon E5507,Discontinued,Q1'10,4,N/A,2.26,4,Intel Smart Cache,N/A
Xeon L5506,Discontinued,Q1'09,4,N/A,2.13,4,Intel Smart Cache,N/A
Xeon E5504,Discontinued,Q1'09,4,N/A,2.00,4,Intel Smart Cache,N/A
Xeon E5503,Discontinued,Q1'10,2,N/A,2.00,4,Intel Smart Cache,N/A
Xeon E5502,Discontinued,Q1'09,2,N/A,1.86,4,Intel Smart Cache,N/A
Xeon X5492,Discontinued,Q3'08,4,N/A,3.40,12,L2 Cache,N/A
Xeon X5482,Discontinued,Q4'07,4,N/A,3.20,12,L2 Cache,N/A
Xeon X5472,Discontinued,Q4'07,4,N/A,3.00,12,L2 Cache,N/A
Xeon E5472,Discontinued,Q4'07,4,N/A,3.00,12,L2 Cache,N/A
Xeon X5470,Discontinued,Q3'08,4,N/A,3.33,12,L2 Cache,N/A
Xeon E5462,Discontinued,Q4'07,4,N/A,2.80,12,L2 Cache,N/A
Xeon X5460,Discontinued,Q4'07,4,N/A,3.16,12,L2 Cache,N/A
Xeon X5450,Discontinued,Q4'07,4,N/A,3.00,12,L2 Cache,N/A
Xeon E5450,Discontinued,Q4'07,4,N/A,3.00,12,L2 Cache,N/A
Xeon E5440,Discontinued,Q1'08,4,N/A,2.83,12,L2 Cache,N/A
Xeon L5430,Discontinued,Q3'08,4,N/A,2.66,12,L2 Cache,N/A
Xeon E5430,Discontinued,Q4'07,4,N/A,2.66,12,L2 Cache,N/A
Xeon L5420,Discontinued,Q1'08,4,N/A,2.50,12,L2 Cache,N/A
Xeon E5420,Discontinued,Q4'07,4,N/A,2.50,12,L2 Cache,N/A
Xeon L5410,Discontinued,Q1'08,4,N/A,2.33,12,L2 Cache,N/A
Xeon E5410,Discontinued,Q4'07,4,N/A,2.33,12,L2 Cache,N/A
Xeon L5408,Discontinued,Q1'08,4,N/A,2.13,12,L2 Cache,N/A
Xeon E5405,Discontinued,Q4'07,4,N/A,2.00,12,L2 Cache,N/A
Xeon X5365,Discontinued,Q3'07,4,N/A,3.00,8,L2 Cache,N/A
Xeon X5355,Discontinued,Q4'06,4,N/A,2.66,8,L2 Cache,N/A
Xeon E5345,Launched,Q1'07,4,N/A,2.33,8,L2 Cache,N/A
Xeon L5335,Discontinued,Q3'07,4,N/A,2.00,8,L2 Cache,N/A
Xeon E5335,Discontinued,Q1'07,4,N/A,2.00,8,L2 Cache,N/A
Xeon L5320,Discontinued,Q1'07,4,N/A,1.86,8,L2 Cache,N/A
Xeon E5320,Discontinued,Q4'06,4,N/A,1.86,8,L2 Cache,N/A
Xeon L5318,Discontinued,Q1'07,4,N/A,1.60,8,L2 Cache,N/A
Xeon L5310,Discontinued,Q1'07,4,N/A,1.60,8,L2 Cache,N/A
Xeon E5310,Discontinued,Q4'06,4,N/A,1.60,8,L2 Cache,N/A
Xeon X5272,Discontinued,Q4'07,2,N/A,3.40,6,L2 Cache,N/A
Xeon X5270,Discontinued,Q3'08,2,N/A,3.50,6,L2 Cache,N/A
Xeon X5260,Discontinued,Q4'07,2,N/A,3.33,6,L2 Cache,N/A
Xeon L5240,Discontinued,Q2'08,2,N/A,3.00,6,L2 Cache,N/A
Xeon E5240,Discontinued,Q1'08,2,N/A,3.00,6,L2 Cache,N/A
Xeon L5238,Discontinued,Q1'08,2,N/A,2.66,6,L2 Cache,N/A
Xeon E5220,Discontinued,Q1'08,2,N/A,2.33,6,L2 Cache,N/A
Xeon L5215,Discontinued,Q3'08,2,N/A,1.86,6,L2 Cache,N/A
Xeon E5205,Discontinued,Q4'07,2,N/A,1.86,6,L2 Cache,N/A
Xeon 5160,Discontinued,N/A,2,N/A,3.00,4,L2 Cache,N/A
Xeon 5150,Discontinued,N/A,2,N/A,2.66,4,L2 Cache,N/A
Xeon LV 5148,Launched,Q2'06,2,N/A,2.33,4,L2 Cache,N/A
Xeon 5140,Launched,Q2'06,2,N/A,2.33,4,L2 Cache,N/A
Xeon LV 5138,Launched,Q2'06,2,N/A,2.13,4,L2 Cache,N/A
Xeon LV 5133,Launched,N/A,2,N/A,2.20,4,L2 Cache,N/A
Xeon 5130,Launched,Q2'06,2,N/A,2.00,4,L2 Cache,N/A
Xeon LV 5128,Launched,Q2'06,2,N/a,1.86,4,L2 Cache,N/A
Xeon 5120,Discontinued,N/A,2,N/A,1.86,4,L2 Cache,N/A
Xeon LV 5113,Launched,N/A,2,N/A,1.60,4,L2 Cache,N/A
Xeon 5110,Discontinued,N/A,2,N/A,1.60,4,L2 Cache,N/A
Xeon 5080,Discontinued,N/A,2,N/A,3.73,4,L2 Cache,N/A
Xeon 5070,Discontinued,N/A,2,N/A,3.46,4,L2 Cache,N/A
Xeon 5063,Discontinued,N/A,2,N/A,3.20,4,L2 Cache,N/A
Xeon 5060,Discontinued,N/A,2,N/A,3.20,4,L2 Cache,N/A
Xeon 5050,Discontinued,N/A,2,N/A,3.00,4,L2 Cache,N/A
Xeon 5040,Discontinued,N/A,2,N/A,2.83,4,L2 Cache,N/A
Xeon 5030,Discontinued,N/A,2,N/A,2.66,4,L2 Cache,N/A
Xeon W3690,Discontinued,Q1'11,6,3.73,3.46,12,Intel Smart Cache,N/A
Xeon W3680,Discontinued,Q1'10,6,3.60,3.33,12,Intel Smart Cache,N/A
Xeon W3670,Discontinued,Q3'10,6,3.46,3.20,12,Intel Smart Cache,N/A
Xeon W3580,Discontinued,Q3'09,4,3.60,3.33,8,Intel Smart Cache,N/A
Xeon W3570,Discontinued,Q1'09,4,3.46,3.20,8,Intel Smart Cache,N/A
Xeon W3565,Discontinued,Q4'09,4,3.46,3.20,8,Intel Smart Cache,N/A
Xeon W3550,Discontinued,Q3'09,4,3.33,3.06,8,Intel Smart Cache,N/A
Xeon W3540,Discontinued,Q1'09,4,3.20,2.93,8,Intel Smart Cache,N/A
Xeon EC3539,Discontinued,Q1'10,4,N/A,2.13,8,L3 Cache,N/A
Xeon W3530,Discontinued,Q1'10,4,3.06,2.80,8,Intel Smart Cache,N/A
Xeon LC3528,Discontinued,Q1'10,2,1.87,1.73,4,L3 Cache,N/A
Xeon W3520,Discontinued,Q1'09,4,2.93,2.66,8,Intel Smart Cache,N/A
Xeon LC3518,Discontinued,Q1'10,1,N/A,1.73,2,L3 Cache,N/A
Xeon X3480,Discontinued,Q2'10,4,3.73,3.06,8,Intel Smart Cache,N/A
Xeon X3470,Discontinued,Q3'09,4,3.60,2.93,8,Intel Smart Cache,N/A
Xeon X3460,Discontinued,Q3'09,4,3.46,2.80,8,Intel Smart Cache,N/A
Xeon X3450,Discontinued,Q3'09,4,3.20,2.66,8,Intel Smart Cache,N/A
Xeon X3440,Discontinued,Q3'09,4,2.93,2.53,8,Intel Smart Cache,N/A
Xeon X3430,Discontinued,Q3'09,4,2.80,2.40,8,Intel Smart Cache,N/A
Xeon L3426,Discontinued,Q3'09,4,3.20,1.86,8,Intel Smart Cache,N/A
Xeon L3406,Discontinued,Q1'10,2,2.53,2.26,4,Intel Smart Cache,N/A
Xeon X3380,Discontinued,Q1'09,4,N/A,3.16,12,L2 Cache,N/A
Xeon X3370,Discontinued,Q3'08,4,N/A,3.00,12,L2 Cache,N/A
Xeon X3360,Discontinued,Q1'08,4,N/A,2.83,12,L2 Cache,N/A
Xeon L3360,Discontinued,Q1'09,4,N/A,2.83,12,L2 Cache,N/A
Xeon X3350,Discontinued,Q1'08,4,N/A,2.66,12,L2 Cache,N/A
Xeon X3330,Discontinued,Q3'08,4,N/A,2.66,6,L2 Cache,N/A
Xeon X3320,Discontinued,Q1'08,4,N/A,2.50,6,L2 Cache,N/A
Xeon X3230,Discontinued,Q3'07,4,N/A,2.66,8,L2 Cache,N/A
Xeon X3220,Discontinued,Q1'07,4,N/A,2.40,8,L2 Cache,N/A
Xeon X3210,Discontinued,Q1'07,4,N/A,2.13,8,L2 Cache,N/A
Xeon E3120,Discontinued,Q3'08,2,N/A,3.16,6,L2 Cache,N/A
Xeon L3110,Discontinued,Q1'09,2,N/A,3.00,6,L2 Cache,N/A
Xeon E3110,Discontinued,Q1'08,2,N/A,3.00,6,L2 Cache,N/A
Xeon 3070,Discontinued,N/A,2,N/A,2.66,4,L2 Cache,N/A
Xeon 3065,Discontinued,Q4'07,2,N/A,2.33,4,L2 Cache,N/A
Xeon 3060,Discontinued,N/A,2,N/A,2.40,4,L2 Cache,N/A
Xeon 3050,Discontinued,N/A,2,N/A,2.13,2,L2 Cache,N/A
Xeon 3040,Discontinued,N/A,2,N/A,1.86,2,L2 Cache,N/A
Xeon L3014,Launched,Q1'08,1,N/A,2.40,3,L2 Cache,N/A
"64-bit Xeon 3.80E GHz, 2M Cache, 800 MHz FSB",Launched,N/A,1,N/A,3.80,2,L2 Cache,N/A
"64-bit Xeon 3.80 GHz, 2M Cache, 800 MHz FSB",Launched,N/A,1,N/A,3.80,2,L2 Cache,N/A
"64-bit Xeon 3.66 GHz, 1M Cache, 667 MHz FSB",Discontinued,N/A,1,N/A,3.66,1,L2 Cache,N/A
"64-bit Xeon 3.60E GHz, 2M Cache, 800 MHz FSB",Launched,N/A,1,N/A,3.60,2,L2 Cache,N/A
"64-bit Xeon 3.60 GHz, 2M Cache, 800 MHz FSB",Launched,N/A,1,N/A,3.60,2,L2 Cache,N/A
"64-bit Xeon 3.60 GHz, 1M Cache, 800 MHz FSB",Discontinued,N/A,1,N/A,3.60,1,L2 Cache,N/A
"64-bit Xeon 3.50 GHz, 1M Cache, 667 MHz FSB",Discontinued,N/A,1,N/A,3.50,1,L2 Cache,N/A
"64-bit Xeon 3.40E GHz, 2M Cache, 800 MHz FSB",Launched,N/A,1,N/A,3.40,2,L2 Cache,N/A
"64-bit Xeon 3.40 GHz, 2M Cache, 800 MHz FSB",Discontinued,N/A,1,N/A,3.40,2,L2 Cache,N/A
"64-bit Xeon 3.40 Ghz, 1M Cache, 800 MHz FSB",Discontinued,N/A,1,N/A,3.40,1,L2 Cache,N/A
"64-bit Xeon 3.33 GHz, 8M Cache, 667 MHz FSB",Discontinued,N/A,1,N/A,3.33,8,L2 Cache,N/A
"64-bit Xeon 3.20E GHz, 2M Cache, 800 MHz FSB",Launched,N/A,1,N/A,3.20,2,L2 Cache,N/A
"64-bit Xeon 3.20 GHz, 2M Cache, 800 MHz FSB",Discontinued,N/A,1,N/A,3.20,2,L2 Cache,N/A
"64-bit Xeon 3.20 GHz, 1M Cache, 800 MHz FSB",Discontinued,Q2'04,1,N/A,3.20,1,L2 Cache,N/A
"64-bit Xeon 3.16 GHz, 1M Cache, 667 MHz FSB",Discontinued,N/A,1,N/A,3.16,1,L2 Cache,N/A
"64-bit Xeon 3.00E GHz, 2M Cache, 800 MHz FSB",Discontinued,N/A,1,N/A,3.00,2,L2 Cache,N/A
"64-bit Xeon 3.00D GHz, 1M Cache, 800 MHz FSB",Discontinued,N/A,1,N/A,3.00,1,L2 Cache,N/A
"64-bit Xeon 3.00 GHz, 8M Cache,667 MHz FSB",Discontinued,N/A,1,N/A,3.00,8,L2 Cache,N/A
"64-bit Xeon 3.00 GHz, 2M Cache, 800 MHz FSB",Launched,N/A,1,N/A,3.00,2,L2 Cache,N/A
"64-bit Xeon 3.00 GHz, 1M Cache, 800 MHz FSB",Discontinued,N/A,1,N/A,3.00,1,L2 Cache,N/A
"64-bit Xeon 3.00 GHz, 1M Cache, 667 MHz FSB",Discontinued,N/A,1,N/A,3.00,2,N/A,N/A
"64-bit Xeon 2.83 GHz, 4M Cache, 667 MHz FSB",Launched,N/A,1,N/A,2.83,4,L2 Cache,N/A
"64-bit Xeon 2.80E GHz, 2M Cache, 800 MHz FSB",Launched,N/A,1,N/A,2.80,2,L2 Cache,N/A
"64-bit Xeon 2.80 GHz, 2M Cache, 800 MHz FSB",Discontinued,N/A,1,N/A,2.80,2,L2 Cache,N/A
"64-bit Xeon 2.80D GHz, 1M Cache, 800 MHz FSB",Discontinued,N/A,1,N/A,2.80,1,L2 Cache,N/A
"64-bit Xeon 2.80 GHz, 1M Cache, 800 MHz FSB",Discontinued,N/A,1,N/A,2.80,1,L2 Cache,N/A
"64-bit Xeon LV 2.80 GHz, 1M Cache, 800 MHz FSB",Discontinued,Q2'04,1,N/A,2.80,1,L2 Cache,N/A
"Xeon 3.20 GHz, 2M Cache, 533 MHz FSB",Discontinued,N/A,1,N/A,3.20,2,L2 Cache,N/A
"Xeon 3.20 GHz, 1M Cache, 533 MHz FSB",Discontinued,N/A,1,N/A,3.20,1,L2 Cache,N/A
"Xeon 3.06 GHz, 1M Cache, 533 MHz FSB",Discontinued,N/A,1,N/A,3.06,1,L2 Cache,N/A
"Xeon 3.06 GHz, 512K Cache, 533 MHz FSB",Discontinued,N/A,1,N/A,3.06,0.5,L2 Cache,N/A
"Xeon 3.00 GHz, 4M Cache, 400 MHz FSB",Discontinued,N/A,1,N/A,3.00,4,L2 Cache,N/A
"Xeon 3.00 GHz, 512K Cache, 400 MHz FSB",Discontinued,N/A,1,N/A,3.00,0.5,L2 Cache,N/A
"Xeon 2.80 GHz, 4M Cache, 800 MHz FSB",Discontinued,N/A,2,N/A,2.80,4,L2 Cache,N/A
"Xeon 2.80 GHz, 2M Cache, 400 MHz FSB",Discontinued,N/A,1,N/A,2.80,2,L2 Cache,N/A
"Xeon 2.80 GHz, 1M Cache, 533 MHz FSB",Discontinued,N/A,1,N/A,2.80,1,L2 Cache,N/A
"Xeon 2.80 GHz, 512K Cache, 533 MHz FSB",Discontinued,Q4'03,1,N/A,2.80,0.5,L2 Cache,N/A
"Xeon 2.80 GHz, 512K Cache, 400 MHz FSB",Discontinued,N/A,1,N/A,2.80,0.5,L2 Cache,N/A
"Xeon 2.70 GHz, 2M Cache, 400 MHz FSB",Discontinued,N/A,1,N/A,2.70,2,L2 Cache,N/A
"Xeon 2.66 GHz, 512K Cache, 533 MHz FSB",Discontinued,N/A,1,N/A,2.66,0.5,L2 Cache,N/A
"Xeon 2.60 GHz, 512K Cache, 400 MHz FSB",Discontinued,N/A,1,N/A,2.60,0.5,L2 Cache,N/A
"Xeon 2.50 GHz, 1M Cache, 400 MHz FSB",Discontinued,N/A,1,N/A,2.50,1,L2 Cache,N/A
"Xeon 2.40 GHz, 1M Cache, 533 MHz FSB",Discontinued,N/A,1,N/A,2.40,1,L2 Cache,N/A
"Xeon 2.40 GHz, 512K Cache, 533 MHz FSB",Discontinued,Q4'02,1,N/A,2.40,0.5,L2 Cache,N/A
"Xeon LV 2.40 GHz, 512K Cache, 400 MHz FSB",Discontinued,Q3'03,1,N/A,2.40,0.5,L2 Cache,N/A
"Xeon 2.40 GHz, 512K Cache, 400 MHz FSB",Discontinued,N/A,1,N/A,2.40,0.5,L2 Cache,N/A
"Xeon 2.20 GHz, 2M Cache, 400 MHz FSB",Discontinued,N/A,1,N/A,2.20,2,L2 Cache,N/A
"Xeon 2.20 GHz, 512K Cache, 400 MHz FSB",Discontinued,N/A,1,N/A,2.20,0.5,L2 Cache,N/A
"Xeon LV 2.16 GHz, 2M Cache, 667 MHz FSB",Discontinued,Q3'06,2,N/A,2.16,2,L2 Cache,N/A
"Xeon 2.00 GHz, 2M Cache, 400 MHz FSB",Discontinued,N/A,1,N/A,2.00,2,L2 Cache,N/A
"Xeon LV 2.00 GHz, 2M Cache, 667 MHz FSB",Discontinued,Q1'06,2,N/A,2.00,2,L2 Cache,N/A
"Xeon 2.00 GHz, 1M Cache, 400 MHz FSB",Discontinued,N/A,1,N/A,2.00,1,L2 Cache,N/A
"Xeon 2.00 GHz, 512K Cache, 533 MHz FSB",Discontinued,Q1'02,1,N/A,2.00,0.5,L2 Cache,N/A
"Xeon 2.00 GHz, 512K Cache, 400 MHz FSB",Launched,N/A,1,N/A,2.00,0.5,L2 Cache,N/A
"Xeon 2.00 GHz, 256K Cache, 400 MHz FSB",Discontinued,N/A,1,N/A,2.00,0.25,L2 Cache,N/A
"Xeon 1.90 Ghz, 1M Cache, 400 MHz FSB",Discontinued,N/A,1,N/A,1.90,1,L2 Cache,N/A
"Xeon 1.80 GHz, 512K Cache, 400 MHz FSB",Launched,N/A,1,N/A,1.80,0.5,L2 Cache,N/A
"Xeon 1.70 GHz, 256K Cache, 400 MHz FSB",Discontinued,N/A,1,N/A,1.70,0.25,L2 Cache,N/A
"Xeon ULV 1.66 GHz, 2M Cache, 667 MHz FSB",Discontinued,Q1'06,2,N/A,1.66,2,L2 Cache,N/A
"Xeon LV 1.66 GHz, 2M Cache, 667 MHz FSB",Discontinued,Q1'06,2,N/A,1.66,2,L2 Cache,N/A
"Xeon LV 1.60 GHz, 512K Cache, 400 MHz FSB",Discontinued,Q3'02,1,N/A,1.60,0.5,L2 Cache,N/A
"Xeon 1.60 GHz, 1M Cache, 400 MHz FSB",Discontinued,N/A,1,N/A,1.60,1,L2 Cache,N/A
"Xeon 1.50 GHz, 1M Cache, 400 MHz FSB",Discontinued,N/A,1,N/A,1.50,1,L2 Cache,N/A
"Xeon 1.50 GHz, 512K Cache, 400 MHz FSB",Discontinued,N/A,1,N/A,1.50,0.5,L2 Cache,N/A
"Xeon 1.50 GHz, 256K Cache, 400 MHz FSB",Discontinued,N/A,1,N/A,1.50,0.25,L2 Cache,N/A
"Xeon 1.40 GHz, 512K Cache, 400 MHz FSB",Discontinued,N/A,1,N/A,1.40,0.5,L2 Cache,N/A
"Xeon 1.40 GHz, 256K Cache, 400 MHz FSB",Discontinued,N/A,1,N/A,1.40,0.25,L2 Cache,N/A
"Pentium III Xeon 1.00 GHz, 256K Cache, 133 MHz FSB",Discontinued,N/A,1,N/A,1.00,0.25,L2 Cache,N/A
"Pentium III Xeon 933 MHz, 256K Cache, 133 MHz FSB",Discontinued,N/A,1,N/A,0.933,0.25,L2 Cache,N/A
"Pentium III Xeon 900 MHz, 2M Cache, 100 MHz FSB",Discontinued,N/A,1,N/A,0.90,2,L2 Cache,N/A
"Pentium III Xeon 866 MHz, 256K Cache, 133 MHz FSB",Discontinued,N/A,1,N/A,0.866,0.25,L2 Cache,N/A
"Pentium III Xeon 800 MHz, 256K Cache, 133 MHz FSB",Discontinued,N/A,1,N/A,0.80,0.25,L2 Cache,N/A
"Pentium III Xeon 733 MHz, 256K Cache, 133 MHz FSB",Discontinued,N/A,1,N/A,0.733,0.25,L2 Cache,N/A
"Pentium III Xeon 700 MHz, 2M Cache, 100 MHz FSB",Discontinued,N/A,1,N/A,0.70,2,L2 Cache,N/A
"Pentium III Xeon 700 MHz, 1M Cache, 100 MHz FSB",Discontinued,N/A,1,N/A,0.70,1,L2 Cache,N/A
"Pentium III Xeon 667 MHz, 256K Cache, 133 MHz FSB",Discontinued,N/A,1,N/A,0.667,0.25,L2 Cache,N/A
"Pentium III Xeon 600 MHz, 256K Cache, 133 MHz FSB",Discontinued,N/A,1,N/A,0.60,0.25,L2 Cache,N/A
"Pentium III Xeon 600 MHz, 256K Cache, 100 MHz FSB",Discontinued,N/A,1,N/A,0.60,0.25,N/A,N/A
"Pentium III Xeon 550 MHz, 2M Cache, 100 MHz FSB",Discontinued,N/A,1,N/A,0.55,2,L2 Cache,N/A
"Pentium III Xeon 550 MHz, 1M Cache, 100 MHz FSB",Discontinued,N/A,1,N/A,0.55,1,L2 Cache,N/A
"Pentium III Xeon 550 MHz, 512K Cache, 100 MHz FSB",Discontinued,N/A,1,N/A,0.55,0.5,L2 Cache,N/A
"Pentium III Xeon 500 MHz, 2M Cache, 100 MHz FSB",Discontinued,N/A,1,N/A,0.50,2,L2 Cache,N/A
"Pentium III Xeon 500 MHz, 1M Cache, 100 MHz FSB",Discontinued,N/A,1,N/A,0.50,1,L2 Cache,N/A
"Pentium III Xeon 500 MHz, 512K Cache, 100 MHz FSB",Discontinued,N/A,1,N/A,0.50,0.5,L2 Cache,N/A
"Pentium II Xeon 450 MHz, 2M Cache, 100 MHz FSB",Discontinued,N/A,1,N/A,0.45,2,L2 Cache,N/A
"Pentium II Xeon 450 MHz, 1M Cache, 100 MHz FSB",Discontinued,N/A,1,N/A,0.45,2,L2 Cache,N/A
"Pentium II Xeon 400 MHz, 512K Cache, 100 MHz FSB",Discontinued,N/A,1,N/A,0.40,0.5,L2 Cache,N/A
"Pentium II Xeon 400 MHz, 1M Cache, 100 MHz FSB",Discontinued,N/A,1,N/A,0.40,0.5,L2 Cache,N/A
"Pentium II Xeon 450 MHz, 512K Cache, 100 MHz FSB",Discontinued,N/A,1,N/A,0.45,0.5,L2 Cache,N/A
